{
  "images" : [
    {
      "idiom" : "universal",
      "filename" : "Face_2-Drooling_square@1x-1.png",
      "scale" : "1x"
    },
    {
      "idiom" : "universal",
      "filename" : "Face_2-Drooling_square@2x-1.png",
      "scale" : "2x"
    },
    {
      "idiom" : "universal",
      "filename" : "Face_2-Drooling_square@3x-1.png",
      "scale" : "3x"
    },
    {
      "idiom" : "iphone",
      "filename" : "Face_2-Drooling_square@1x.png",
      "scale" : "1x"
    },
    {
      "idiom" : "iphone",
      "filename" : "Face_2-Drooling_square@2x.png",
      "scale" : "2x"
    },
    {
      "idiom" : "iphone",
      "filename" : "Face_2-Drooling_square@3x.png",
      "scale" : "3x"
    }
  ],
  "info" : {
    "version" : 1,
    "author" : "xcode"
  }
}