{
  "images" : [
    {
      "idiom" : "universal",
      "scale" : "1x"
    },
    {
      "idiom" : "universal",
      "scale" : "2x"
    },
    {
      "idiom" : "universal",
      "scale" : "3x"
    },
    {
      "idiom" : "iphone",
      "filename" : "webview.gif",
      "scale" : "1x"
    },
    {
      "idiom" : "iphone",
      "filename" : "webview-1.gif",
      "scale" : "2x"
    },
    {
      "idiom" : "iphone",
      "filename" : "webview-2.gif",
      "scale" : "3x"
    }
  ],
  "info" : {
    "version" : 1,
    "author" : "xcode"
  }
}